prompt,score
Input image has beach during sunrise with abstract theme.,94
Input image has forest with bright sunlight with urban theme.,75
Input image has beach during sunrise with nature theme.,98
Input image has beach during sunrise with nature theme.,98
Input image has forest with bright sunlight with nature theme.,75
Input image has mountain valley in rain with nature theme.,51
Input image has forest with bright sunlight with nature theme.,20
Input image has beach during sunrise with nature theme.,88
Input image has city at night with neon lights with nature theme.,53
Input image has forest with bright sunlight with urban theme.,89
Input image has beach during sunrise with emotional theme.,92
Input image has mountain valley in rain with urban theme.,34
Input image has city at night with neon lights with abstract theme.,73
Input image has mountain valley in rain with nature theme.,86
Input image has city at night with neon lights with urban theme.,76
Input image has snow-covered village with nature theme.,79
Input image has beach during sunrise with abstract theme.,48
Input image has forest with bright sunlight with nature theme.,62
Input image has forest with bright sunlight with nature theme.,84
Input image has snow-covered village with nature theme.,51
Input image has snow-covered village with urban theme.,22
Input image has snow-covered village with emotional theme.,39
Input image has city at night with neon lights with urban theme.,84
Input image has mountain valley in rain with emotional theme.,52
Input image has city at night with neon lights with nature theme.,76
Input image has city at night with neon lights with nature theme.,45
Input image has beach during sunrise with emotional theme.,93
Input image has forest with bright sunlight with emotional theme.,76
Input image has snow-covered village with nature theme.,82
Input image has forest with bright sunlight with urban theme.,56
Input image has snow-covered village with abstract theme.,57
Input image has snow-covered village with emotional theme.,98
Input image has forest with bright sunlight with nature theme.,22
Input image has forest with bright sunlight with urban theme.,72
Input image has mountain valley in rain with urban theme.,76
Input image has snow-covered village with abstract theme.,25
Input image has forest with bright sunlight with urban theme.,71
Input image has forest with bright sunlight with emotional theme.,45
Input image has beach during sunrise with abstract theme.,85
Input image has city at night with neon lights with emotional theme.,55
Input image has city at night with neon lights with nature theme.,41
Input image has beach during sunrise with abstract theme.,25
Input image has city at night with neon lights with emotional theme.,58
Input image has city at night with neon lights with emotional theme.,41
Input image has beach during sunrise with nature theme.,88
Input image has beach during sunrise with nature theme.,91
Input image has beach during sunrise with urban theme.,70
Input image has mountain valley in rain with emotional theme.,82
Input image has forest with bright sunlight with urban theme.,28
Input image has snow-covered village with emotional theme.,52
Input image has snow-covered village with nature theme.,39
Input image has city at night with neon lights with emotional theme.,47
Input image has forest with bright sunlight with abstract theme.,76
Input image has snow-covered village with abstract theme.,63
Input image has snow-covered village with abstract theme.,36
Input image has mountain valley in rain with emotional theme.,50
Input image has mountain valley in rain with nature theme.,88
Input image has forest with bright sunlight with nature theme.,60
Input image has forest with bright sunlight with nature theme.,99
Input image has forest with bright sunlight with urban theme.,48
Input image has snow-covered village with abstract theme.,57
Input image has mountain valley in rain with abstract theme.,48
Input image has forest with bright sunlight with emotional theme.,92
Input image has beach during sunrise with urban theme.,82
Input image has snow-covered village with nature theme.,53
Input image has mountain valley in rain with emotional theme.,84
Input image has beach during sunrise with urban theme.,69
Input image has mountain valley in rain with emotional theme.,27
Input image has snow-covered village with nature theme.,55
Input image has forest with bright sunlight with urban theme.,26
Input image has beach during sunrise with emotional theme.,83
Input image has forest with bright sunlight with urban theme.,29
Input image has snow-covered village with abstract theme.,38
Input image has mountain valley in rain with emotional theme.,96
Input image has forest with bright sunlight with emotional theme.,78
Input image has mountain valley in rain with nature theme.,92
Input image has mountain valley in rain with abstract theme.,100
Input image has city at night with neon lights with abstract theme.,49
Input image has city at night with neon lights with urban theme.,22
Input image has city at night with neon lights with abstract theme.,35
Input image has snow-covered village with urban theme.,54
Input image has beach during sunrise with abstract theme.,38
Input image has city at night with neon lights with abstract theme.,99
Input image has city at night with neon lights with urban theme.,24
Input image has forest with bright sunlight with abstract theme.,30
Input image has forest with bright sunlight with abstract theme.,37
Input image has snow-covered village with emotional theme.,27
Input image has snow-covered village with abstract theme.,41
Input image has forest with bright sunlight with abstract theme.,55
Input image has mountain valley in rain with emotional theme.,21
Input image has mountain valley in rain with emotional theme.,76
Input image has snow-covered village with emotional theme.,85
Input image has snow-covered village with nature theme.,34
Input image has mountain valley in rain with emotional theme.,84
Input image has city at night with neon lights with emotional theme.,91
Input image has beach during sunrise with nature theme.,65
Input image has mountain valley in rain with nature theme.,88
Input image has mountain valley in rain with urban theme.,91
Input image has city at night with neon lights with nature theme.,50
Input image has snow-covered village with abstract theme.,26
Input image has forest with bright sunlight with urban theme.,24
Input image has forest with bright sunlight with nature theme.,99
Input image has beach during sunrise with emotional theme.,100
Input image has beach during sunrise with abstract theme.,33
Input image has snow-covered village with urban theme.,98
Input image has mountain valley in rain with urban theme.,93
Input image has snow-covered village with urban theme.,32
Input image has city at night with neon lights with nature theme.,39
Input image has snow-covered village with urban theme.,32
Input image has beach during sunrise with urban theme.,42
Input image has beach during sunrise with urban theme.,92
Input image has beach during sunrise with abstract theme.,74
Input image has beach during sunrise with abstract theme.,89
Input image has forest with bright sunlight with abstract theme.,91
Input image has forest with bright sunlight with abstract theme.,74
Input image has forest with bright sunlight with nature theme.,79
Input image has snow-covered village with emotional theme.,59
Input image has mountain valley in rain with emotional theme.,82
Input image has beach during sunrise with emotional theme.,38
Input image has forest with bright sunlight with emotional theme.,62
Input image has mountain valley in rain with urban theme.,21
Input image has mountain valley in rain with nature theme.,30
Input image has city at night with neon lights with emotional theme.,27
Input image has beach during sunrise with nature theme.,73
Input image has beach during sunrise with nature theme.,22
Input image has city at night with neon lights with abstract theme.,81
Input image has snow-covered village with abstract theme.,34
Input image has beach during sunrise with nature theme.,72
Input image has city at night with neon lights with emotional theme.,70
Input image has snow-covered village with urban theme.,71
Input image has forest with bright sunlight with nature theme.,73
Input image has forest with bright sunlight with urban theme.,71
Input image has snow-covered village with urban theme.,25
Input image has city at night with neon lights with abstract theme.,39
Input image has mountain valley in rain with abstract theme.,51
Input image has beach during sunrise with urban theme.,70
Input image has beach during sunrise with abstract theme.,89
Input image has snow-covered village with urban theme.,45
Input image has snow-covered village with abstract theme.,20
Input image has city at night with neon lights with emotional theme.,65
Input image has snow-covered village with abstract theme.,85
Input image has forest with bright sunlight with nature theme.,96
Input image has city at night with neon lights with urban theme.,65
Input image has city at night with neon lights with nature theme.,30
Input image has mountain valley in rain with urban theme.,37
Input image has city at night with neon lights with abstract theme.,29
Input image has forest with bright sunlight with abstract theme.,46
Input image has city at night with neon lights with emotional theme.,74
Input image has beach during sunrise with nature theme.,82
Input image has city at night with neon lights with nature theme.,41
Input image has city at night with neon lights with nature theme.,39
Input image has snow-covered village with urban theme.,77
Input image has city at night with neon lights with urban theme.,21
Input image has beach during sunrise with emotional theme.,27
Input image has beach during sunrise with emotional theme.,96
Input image has snow-covered village with abstract theme.,35
Input image has snow-covered village with emotional theme.,91
Input image has city at night with neon lights with urban theme.,99
Input image has mountain valley in rain with abstract theme.,70
Input image has city at night with neon lights with emotional theme.,28
Input image has mountain valley in rain with urban theme.,95
Input image has forest with bright sunlight with urban theme.,61
Input image has snow-covered village with nature theme.,21
Input image has snow-covered village with urban theme.,52
Input image has city at night with neon lights with nature theme.,37
Input image has beach during sunrise with urban theme.,100
Input image has beach during sunrise with nature theme.,51
Input image has forest with bright sunlight with emotional theme.,39
Input image has mountain valley in rain with abstract theme.,58
Input image has city at night with neon lights with abstract theme.,63
Input image has mountain valley in rain with nature theme.,88
Input image has snow-covered village with abstract theme.,56
Input image has forest with bright sunlight with abstract theme.,57
Input image has mountain valley in rain with emotional theme.,99
Input image has mountain valley in rain with nature theme.,22
Input image has beach during sunrise with nature theme.,37
Input image has mountain valley in rain with abstract theme.,73
Input image has snow-covered village with urban theme.,31
Input image has beach during sunrise with urban theme.,43
Input image has snow-covered village with nature theme.,72
Input image has snow-covered village with emotional theme.,96
Input image has beach during sunrise with nature theme.,88
Input image has city at night with neon lights with abstract theme.,77
Input image has forest with bright sunlight with emotional theme.,61
Input image has mountain valley in rain with urban theme.,22
Input image has forest with bright sunlight with emotional theme.,67
Input image has forest with bright sunlight with urban theme.,37
Input image has forest with bright sunlight with urban theme.,27
Input image has city at night with neon lights with abstract theme.,52
Input image has city at night with neon lights with abstract theme.,65
Input image has beach during sunrise with abstract theme.,71
Input image has snow-covered village with abstract theme.,25
Input image has mountain valley in rain with urban theme.,86
Input image has snow-covered village with urban theme.,30
Input image has beach during sunrise with abstract theme.,74
Input image has snow-covered village with urban theme.,51
Input image has snow-covered village with emotional theme.,53
Input image has snow-covered village with urban theme.,74
Input image has mountain valley in rain with nature theme.,76
Input image has beach during sunrise with abstract theme.,38
